Nama,Alamat,Harga
Mouse Wireless Office Optical Silent Click/Klik KOMIC KM-805 Blue Free Baterai - Free USB Receiver,Jakarta Pusat,Rp69.000
Waterproof Big Size Mousepad for Gaming - Mousepad Besar 60x30cm,Jakarta Barat,Rp37.500
Keyboard Mouse Gaming Magix KM 001G,Bandung,Rp75.000
Mouse Gaming Hexagonal Style  AULA F-812  Macro System - RGB Lighting Effect - 7200DPI - 4 Gear DPI  - 7 Buttons -  Murah - Gaming Mouse - RGB Mouse,Jakarta Pusat,Rp129.000
Keyboard Gaming Multimedia Mechanical AULA F2058 LED RGB/Rainbow - Blue Switch(K-RGD),Jakarta Pusat,Rp359.000
Mouse Gaming Fantech THOR X9 Macro Gaming Mouse,Jakarta Barat,Rp99.000
Keyboard Mouse Komic KMC-650,Bandung,Rp50.000
Mouse Gaming AULA S18 - RGB LED - Sensor Sunplus 6698A - 6400DPI-Macro System,Jakarta Pusat,Rp149.000
Mouse Gaming 7 Keys LED 5500 DPI - 315,Jakarta Barat,Rp162.000
"Keyboard Gaming Imperion Trooper 7 KG-M07F Mechanical, RGB",Jakarta Barat,Rp295.000
Logitech F310 Gamepad single cable USB Garansi Resmi,Jakarta Pusat,Rp269.000
Keyboard gaming and mouse set mechanical RGB usb combo paket kable led SHIPADOO D500/keyboard gaming mouse set,Jakarta Pusat,Rp99.000
mairuige gaming meja mouse pad mosaik game gamer komputer pc laptop keyboard 40cm x 80cm jumbo besar anti licin,Jakarta Barat,Rp29.800
Asus ROG Gladius III RGB Wireless Gaming Mouse,Jakarta Pusat,Rp1.849.000
Mouse Gaming Altec ALGM-9414 - 3600DPI / 5 Tombol / RGB / USB Kabel,Jakarta Pusat,Rp139.000
Fantech Wireless Mouse Gaming Venom II WGC2,Surabaya,Rp167.500
Mouse Gaming Altec ALGM-7622 - 8000DPI / 5 Tombol / RGB / USB - Hitam,Jakarta Pusat,Rp139.000
Lenovo Lecoo Mouse Wireless Optical - WS202,Jakarta Barat,Rp95.600
Fantech MAXFIT67 / MAXFIT 67 MK858 Hotswap Wireless Gaming Keyboard,Jakarta Pusat,Rp1.299.000
Mouse Gaming AULA F808 Elegant Mouse - RGB 4 Color LED - Macro Software,Jakarta Pusat,Rp169.000
Rexus Daxa Air IV Wireless Gaming Mouse Air 4 Ultra Lightweight,Jakarta Barat,Rp839.000
Mouse Gaming Fantech CRYPTO VX7 Sakura Edition Macro Gaming Mouse,Jakarta Barat,Rp96.000
Keyboard Gaming Fantech MAXFIT61 FROST Wireless Hotswab Mechanical Gaming Keyboard RGB,Jakarta Barat,Rp599.000
Keyboard & Mouse Gaming JK-1980 Kabel Gamer Professional Gaming Lampu LED RGB Backlit di Tombol,Jakarta Utara,Rp94.050
Rexus PRO Mouse Wireless Gaming Daxa Air III .  Daxa Air 3,Jakarta Utara,Rp409.000
Rexus Keyboard Gaming K9E / Rexus K9E,Jakarta Utara,Rp209.000
Mouse Wireless Office Optical Silent Click/Klik KOMIC KM-805 Pink Free Baterai - Free USB Receiver,Jakarta Pusat,Rp69.000
Keyboard Gaming Mechanical AULA F-3287 TKL - K-RGD Switch - Color Blue Switch - Fashion Keyboard - ICE COOL LED - Stylish Keyboard - Trend Keyboard,Jakarta Pusat,Rp249.000
Mouse Pad Gaming XL Star Light Galaxy Besar Bahan Tebal Anti Slip Sensitivitas Optimal,Jakarta Pusat,Rp17.950
Keyboard Gaming Mechanical Wireless Fantech Maxfit67 MK858 65% RGB,Jakarta Pusat,Rp1.448.000
Noir OLV75 RGB Hotswap Wireless Bluetooth Mechanical Gaming Keyboard,Jakarta Pusat,Rp1.449.000
Mouse Dual Mode Bluetooth Wireless RGB Light Rechargeable,Jakarta Barat,Rp40.500
Mousepad Gaming Besar 90 x 40 cm Polos Hitam,Jakarta Pusat,Rp45.900
Mousepad Gaming AULA FX-5 RGB Control dan Speed Mode/Stylish Mousepad,Jakarta Pusat,Rp179.000
Mouse USB Optical murah colokan USB Mouse Kabel Mihun Type E01,Solo,Rp17.000
Keyboard Asus Vivobook 14 A416 A416J A416JP A416JA A416MA A416EP A412,Jakarta Timur,Rp110.000
Keyboard Gaming Nemesis NYK Legion K-01 TKL Gaming Keyboard,Jakarta Barat,Rp119.000
Keyboard Gaming Imperion Sledgehammer 10 KG-S10B Rainbow Backlight,Jakarta Barat,Rp113.000
UNEED Mousepad Gaming Aegis Speed Edition,Jakarta Pusat,Rp22.500
Keyboard Gaming LED Leopard G700 with Smartphone Docking - Black,Jakarta Pusat,Rp94.000
Rexus ARKA II RX-107 RGB Wireless Ambidextrous Gaming Mouse - Black,Malang,Rp292.000
Keyboard Gaming Mechanical TKL Altec Lansing ALGK-8404 RGB - Grey White,Jakarta Pusat,Rp320.000
Acrylic Keyboard Stand - Alas Peninggi Keyboard Case Akrilik,Indramayu,Rp99.000
Mouse Gaming Fantech Thor II X16  Macro RGB Gaming Mouse,Jakarta Barat,Rp139.000
Noir N1 Pro RGB 65% Hotswap Wireless Mechanical Gaming Keyboard,Jakarta Pusat,Rp1.299.000
Mousepad Sades Mousepad Gaming Standar,Jakarta Barat,Rp19.000
Fantech 3 in 1 Combo P31 Gaming Keyboard Mouse Mousepad,Jakarta Pusat,Rp199.500
Keyboard gaming and mouse set mechanical usb combo kable paket business fashion slim -S600/keyboard mouse gaming set,Jakarta Pusat,Rp79.200
ALCHA SWITCH OPENER 2IN1 MECHANICAL KEYBOARD ALUMINIUM 2 IN 1,Jakarta Pusat,Rp100.000
Mouse Feet Logitech MX Anywhere 3 / 3S Alas Rubber Skate Pengganti,Jakarta Utara,Rp17.999
Rexus Keyboard Gaming Mechanical DAIVA D68SF Max South Facing,Jakarta Utara,Rp689.000
HyperX Alloy Origins 65 RGB Mechanical Gaming Keyboard,Jakarta Barat,Rp1.749.000
Digital Alliance Meca Air S DA Gaming Keyboard Wireless Bluetooth,Bandung,Rp339.000
HP Combo Keyboard + Mouse Gaming KM300F,Jakarta Pusat,Rp209.000
Keyboard Gaming Mecha Hotswap Red Switch Outemu TKL Komic KM870 - LED RGB/Rainbow,Jakarta Pusat,Rp289.000
Keyboard Gaming Mechanical AULA F-2066 II Blue Switch -RGB Rainbow LED,Jakarta Pusat,Rp279.000
VENTUZ STRIKE X1 RGB Rainbow Gaming Keyboard Mouse Bundle - White,Malang,Rp129.000
Vortex Series GT6 / GT-6 Wireless RGB 65% Mechanical Gaming Keyboard,Jakarta Pusat,Rp749.000
Luxury Keyboard Gaming Multimedia Mechanical AULA L2098 FULL RGB,Jakarta Pusat,Rp799.000
Digital Alliance D4 Mousepad Gaming M,Sleman,Rp49.000
Mouse Pad Gaming (80 x 30 cm) Desk Mat Keyboard Laptop Komputer MP-80,Jakarta Utara,Rp39.000
Mouse Gaming Sades Axe RGB Gaming Mouse,Jakarta Barat,Rp340.000
Digital Alliance D4 Mousepad Gaming M,Sleman,Rp49.000
Luxury Keyboard Gaming Multimedia Mechanical AULA L2098 FULL RGB,Jakarta Pusat,Rp799.000
Mouse Bluetooth 5.2 & Wireless 2.4G Rechargeable,Jakarta Barat,Rp33.700
Mouse Gaming NYK Nemesis Grimlock HK-400,Bekasi,Rp79.000
Rexus Daiva D68SF Max Wireless Mechanical Gaming Keyboard,Bandung,Rp689.000
Mouse Gaming MSI Clutch GM41 Lightweight Wireless RGB - Optical Mouse,Jakarta Pusat,Rp1.110.000
MOUSE GAMING T-WOlf  WIRELESS LED FOREV Q13 MOUSE TWOLF Berkualitas,Surabaya,Rp69.000
Keyboard Gaming Mechanical Altec ALGK-8614 -Multimedia RGB Blue Switch,Jakarta Pusat,Rp399.000
Mouse Gaming AULA F806 - 2400DPI - RGB Backlight - Macro - 7 Buttons,Jakarta Pusat,Rp99.000
Stiker Non Slip Mouse Logitech MX ANYWHERE 3 / 3S Sweatproof Anti,Jakarta Utara,Rp65.000
Rexus Daxa Air III Pro Wireless RGB Ultra-Lightweight Gaming Mouse,Jakarta Pusat,Rp699.000
Mousepad Gaming Mouse Pad XL 30 x 80 cm One Piece,Jakarta Barat,Rp20.900
LDKai Gaming Keyboard LED with Mouse,Surabaya,Rp87.000
VENTUZ STRIKE X1 RGB Rainbow Gaming Keyboard Mouse Bundle - Black,Malang,Rp129.000
Keyboard Gaming Mechanical Hotswap Komic KG-KM870 TKL Grey-Red Switch,Jakarta Pusat,Rp350.000
Wireless Keyboard Mouse Combo Set Ergonomic 64 Keys 2.4GHz - JP107,Bandung,Rp128.200
Mouse Gaming USB RGB JETE MSX3 7 Programmable Button - Garansi 2 Tahun,Surabaya,Rp188.900
(SERUNI) GAMEN Titan III Mechanical Switch Blue Gaming Keyboard Wired,Surabaya,Rp352.000
Altec Lansing ALGK-8404 KQ RGB Mechanical Gaming Keyboard ALGK8404 KQ,Bandung,Rp300.000
Keyboard Gaming Fantech Fighter K613 L Sakura Edition Gaming Keyboard RGB,Jakarta Barat,Rp189.000
Mouse Gaming /Mouse Gaming LED/Mouse avan,Medan,Rp16.000
Rexus DAXA M82X Ultimate Wireless Gaming Mouse M82 X M 82,Jakarta Barat,Rp1.499.000
Logitech MX Master 3S Performance Mouse Wireless Bluetooth Quiet Click,Bandung,Rp1.549.000
Keyboard Gaming Multimedia Mechanical AULA F3018 GEN-X1 Series,Jakarta Pusat,Rp349.000
Rexus Legionare MX5.2 TKL Black Grey Mechanical Gaming Keyboard - Red Switch,Malang,Rp379.000
Mouse Gaming Wireless Rechargeable USB 2400 DPI 2.4G,Jakarta Barat,Rp87.900
Havit KB512L 60% Rainbow 71-Keys Mechanical Gaming Keyboard,Jakarta Pusat,Rp299.000
Keyboard Gaming Digital alliance Meca 8X Plus RGB,Jakarta Utara,Rp515.000
